insert into state (id, name, mmName, capital, region) values (1, 'Ayeyarwady Region', 'ဧရာဝတီတိုင်းဒေသကြီး', 'Pathein', 'Lower');
insert into state (id, name, mmName, capital, region) values (2, 'Bago Region', 'ပဲခူးတိုင်းဒေသကြီး', 'Bago', 'Lower');
insert into state (id, name, mmName, capital, region) values (3, 'Chin State', 'ချင်းပြည်နယ်', 'Hakha', 'West');
insert into state (id, name, mmName, capital, region) values (4, 'Kachin State', 'ကချင်ပြည်နယ်', 'Myitkyina', 'North');
insert into state (id, name, mmName, capital, region) values (5, 'Kayah State', 'ကယားပြည်နယ်', 'Loikaw', 'East');
insert into state (id, name, mmName, capital, region) values (6, 'Kayin State', 'ကရင်ပြည်နယ်', 'Pa-an', 'South');
insert into state (id, name, mmName, capital, region) values (7, 'Magway Region', 'မကွေးတိုင်းဒေသကြီး', 'Magwe', 'Central');
insert into state (id, name, mmName, capital, region) values (8, 'Mandalay Region', 'မန္တလေးတိုင်းဒေသကြီး', 'Mandalay', 'Central');
insert into state (id, name, mmName, capital, region) values (9, 'Mon State', 'မွန်ပြည်နယ်', 'Mawlamyine', 'South');
insert into state (id, name, mmName, capital, region) values (10, 'Rakhine State', 'ရခိုင်ပြည်နယ်', 'Sittwe', 'West');
insert into state (id, name, mmName, capital, region) values (11, 'Shan State', 'ရှမ်းပြည်နယ်', 'Taunggyi', 'East');
insert into state (id, name, mmName, capital, region) values (12, 'Sagaing Region', 'စစ်ကိုင်းတိုင်းဒေသကြီး', 'Monywa', 'North');
insert into state (id, name, mmName, capital, region) values (13, 'Tanintharyi Region', 'တနင်္သာရီတိုင်းဒေသကြီး', 'Dawei', 'South');
insert into state (id, name, mmName, capital, region) values (14, 'Yangon Region', 'ရန်ကုန်တိုင်းဒေသကြီး', 'Yangon', 'Lower');
insert into state (id, name, mmName, capital, region) values (15, 'Naypyidaw Union Territory', 'နေပြည်တော် ပြည်ထောင်စုနယ်မြေ', 'Naypyidaw', 'Central');

insert into district values (1, 'Pathein', 'ပုသိမ်ခရိုင်', 'Pathein District',1);
insert into district values (2, 'Hinthada', 'ဟင်္သာတခရိုင်', 'Hinthada District',1);
insert into district values (3, 'Ma-ubin', 'မအူပင်ခရိုင်', 'Ma-ubin District',1);
insert into district values (4, 'Myaungmya', 'မြောင်းမြခရိုင်', 'Myaungmya District',1);
insert into district values (5, 'Pyapon', 'ဖျာပုံခရိုင်', 'Pyapon District',1);
insert into district values (6, 'Labutta', 'လပွတ္တာခရိုင်', 'Labutta District',1);
insert into district values (7, 'Bago', 'ပဲခူးခရိုင်', 'Bago District',2);
insert into district values (8, 'Taungoo', 'တောင်ငူခရိုင်', 'Taungoo District',2);
insert into district values (9, 'Pyay', 'ပြည်ခရိုင်', 'Pyay District',2);
insert into district values (10, 'Tharrawaddy', 'သာယာဝတီခရိုင်', 'Tharrawaddy District',2);
insert into district values (11, 'Falam', 'ဖလမ်းခရိုင်', 'Falam District',3);
insert into district values (12, 'Hakha', 'ဟားခါးခရိုင်', 'Hakha District',3);
insert into district values (13, 'Mindat', 'မင်းတပ်ခရိုင်', 'Mindat District',3);
insert into district values (14, 'Matupi', 'မတူပီခရိုင်', 'Matupi District',3);
insert into district values (15, 'Myitkyina', 'မြစ်ကြီးနားခရိုင်', 'Myitkyina District',4);
insert into district values (16, 'Bhamo', 'ဗန်းမော်ခရိုင်', 'Bhamo District',4);
insert into district values (17, 'Putao', 'ပူတာအိုခရိုင်', 'Putao District',4);
insert into district values (18, 'Mohnyin', 'မိုးညှင်းခရိုင်', 'Mohnyin District',4);
insert into district values (19, 'Loikaw', 'လွိုင်ကော်‌ခရိုင်', 'Loikaw District',5);
insert into district values (20, 'Bawlakhe', 'ဘော်လခဲခရိုင်', 'Bawlakhe District',5);
insert into district values (21, 'Hpa-an', 'ဘားအံခရိုင်', 'Hpa-an District',6);
insert into district values (22, 'Myawaddy', 'မြဝတီခရိုင်', 'Myawaddy District',6);
insert into district values (23, 'Kawkareik', 'ကော့ကရိတ်ခရိုင်', 'Kawkareik District',6);
insert into district values (24, 'Papun', 'ဖာပွန်ခရိုင်', 'Hpapun District',6);
insert into district values (25, 'Magway', 'မကွေးခရိုင်', 'Magway District',7);
insert into district values (26, 'Minbu', 'မင်းဘူးခရိုင်', 'Minbu District',7);
insert into district values (27, 'Pakokku', 'ပခုက္ကူခရိုင်', 'Pakokku District',7);
insert into district values (28, 'Thayet', 'သရက်ခရိုင်', 'Thayet District',7);
insert into district values (29, 'Pakokku', 'ဂန့်ဂေါ ခရိုင်', 'Gangaw District',7);
insert into district values (30, 'Mandalay', 'မန္တလေး ခရိုင်', 'Mandalay District',8);
insert into district values (31, 'Kyaukse', 'ကျောက်ဆည်ခရိုင်', 'Kyaukse District',8);
insert into district values (32, 'Meiktila', 'မိတ္ထီလာခရိုင်', 'Meiktila District',8);
insert into district values (33, 'Myingyan', 'မြင်းခြံခရိုင်', 'Myingyan District',8);
insert into district values (34, 'Nyaung-U', 'ညောင်ဦးခရိုင်', 'Nyaung-U District',8);
insert into district values (35, 'Pyin Oo Lwin', 'ပြင်‌ဦးလွင်‌ခရိုင်', 'Pyin Oo Lwin District',8);
insert into district values (36, 'Yamethin', 'ရမည်းသင်း', 'Yamethin District',8);
insert into district values (37, 'Mawlamyine', 'မော်လမြိုင်ခရိုင်', 'Mawlamyine District',9);
insert into district values (38, 'Thaton', 'သထုံခရိုင်', 'Thaton District',9);
insert into district values (39, 'Sittwe', 'စစ်တွေခရိုင်', 'Sittwe District',10);
insert into district values (40, 'Maungdaw', 'မောင်တောခရိုင်', 'Maungdaw District',10);
insert into district values (41, 'Ottarathiri', 'ကျောက်ဖြူခရိုင်', 'Kyaukpyu District',10);
insert into district values (42, 'Thandwe', 'သံတွဲခရိုင်', 'Thandwe District',10);
insert into district values (43, 'Mrauk U', 'မြောက်ဦးခရိုင်', 'Mrauk-U District',10);
insert into district values (44, 'Taunggyi', 'တောင်ကြီးခရိုင်', 'Taunggyi District',11);
insert into district values (45, 'Loilem', 'လွိုင်လင်ခရိုင်', 'Loilen District',11);
insert into district values (46, 'Langhko', 'လင်းခေးခရိုင်', 'Langhko District',11);
insert into district values (47, 'Lashio', 'လားရှိုးခရိုင်', 'Lashio District',11);
insert into district values (48, 'Muse', 'မူစယ်ခရိုင်', 'Mu Se District',11);
insert into district values (49, 'Mongmit', 'မိုးမိတ်ခရိုင်', 'Mongmit District',11);
insert into district values (50, 'Kyaukme', 'ကျောက်မဲခရိုင်', 'Kyaukme District',11);
insert into district values (51, 'Laukkaing', 'လောက်ကိုင်ခရိုင်', 'Laukkaing District',11);
insert into district values (52, 'Hopang', 'ဟိုပန်ခရိုင်', 'Hopang District',11);
insert into district values (53, 'Matman', 'မက်မန်းခရိုင်', 'Matman District',11);
insert into district values (54, 'Kengtung', 'ကျိုင်းတုံခရိုင်', 'Kengtung District',11);
insert into district values (55, 'Mong Hsat', 'မိုင်းဆတ်ခရိုင်', 'Mong Hsat District',11);
insert into district values (56, 'Tachileik', 'တာချီလိတ်ခရိုင်', 'Tachileik District',11);
insert into district values (57, 'Mong Hpayak', 'မိုင်းဖြတ်ခရိုင်', 'Mong Hpayak District',11);
insert into district values (58, 'Hkamti', 'ခန္တီးခရိုင်', 'Hkamti District',12);
insert into district values (59, 'Kalay', 'ကလေးခရိုင်', 'Kale District',12);
insert into district values (60, 'Katha', 'ကသာခရိုင်', 'Katha District',12);
insert into district values (61, 'Kawlin', 'ကောလင်းခရိုင်', 'Kawlin District',12);
insert into district values (62, 'Kanbalu', 'ကန့်ဘလူခရိုင်', 'Kanbalu District',12);
insert into district values (63, 'Mawlaik', 'မော်လိုက်ခရိုင်', 'Mawlaik District',12);
insert into district values (64, 'Monywa', 'မုံရွာခရိုင်', 'Monywa District',12);
insert into district values (65, 'Sagaing', 'စစ်ကိုင်းခရိုင်', 'Sagaing District',12);
insert into district values (66, 'Shwebo', 'ရွှေဘိုခရိုင်', 'Shwebo District',12);
insert into district values (67, 'Tamu', 'တမူးခရိုင်', 'Tamu District',12);
insert into district values (68, 'Yinmabin', 'ယင်းမာပင်ခရိုင်', 'Yinmabin District',12);
insert into district values (69, 'Dawei', 'ထားဝယ်ခရိုင်', 'Dawei District',13);
insert into district values (70, 'Myeik', 'မြိတ်ခရိုင်', 'Myeik District',13);
insert into district values (71, 'Kawthaung', 'ကော့သောင်ခရိုင်', 'Kawthaung District',13);
insert into district values (72, 'Yangon', 'ရန်ကုန်အရှေ့ပိုင်းခရိုင်', 'East Yangon District',14);
insert into district values (73, '', 'ရန်ကုန်အနောက်ပိုင်းခရိုင်', 'West Yangon District',14);
insert into district values (74, '', 'ရန်ကုန်မြောက်ပိုင်းခရိုင်', 'North Yangon District',14);
insert into district values (75, '', 'ရန်ကုန်တောင်ပိုင်းခရိုင်', 'South Yangon District',14);
insert into district values (76, 'Ottarathiri', 'ဥတ္တရခရိုင်', 'Ottara District',15);
insert into district values (77, 'Dekkhinathiri', 'ဒက္ခိဏခရိုင်', 'Dekkhina District',15);

insert into township (mmname, name, district_id) values ('ပုသိမ်မြို့နယ်', 'Pathein Township', 1);
insert into township (mmname, name, district_id) values ('ကန်ကြီးထောင့်မြို့နယ်', 'Kangyidaunk Township', 1);
insert into township (mmname, name, district_id) values ('ငပုတောမြို့နယ်', 'Ngapudaw Township', 1);
insert into township (mmname, name, district_id) values ('သာပေါင်းမြို့နယ်', 'Thabaung Township', 1);
insert into township (mmname, name, district_id) values ('ကျောင်းကုန်းမြို့နယ်', 'Kyaunggon Township', 1);
insert into township (mmname, name, district_id) values ('ကျုံပျော်မြို့နယ်', 'Kyonpyaw Township', 1);
insert into township (mmname, name, district_id) values ('ရေကြည်မြို့နယ်', 'Yekyi Township', 1);
insert into township (mmname, name, district_id) values ('ဟင်္သာတမြို့နယ်', 'Hinthada Township', 2);
insert into township (mmname, name, district_id) values ('ဇလွန်မြို့နယ်', 'Zalun Township', 2);
insert into township (mmname, name, district_id) values ('လေးမျက်နှာမြို့နယ်', 'Lemyethna Township', 2);
insert into township (mmname, name, district_id) values ('မြန်အောင်မြို့နယ်', 'Myanaung Township', 2);
insert into township (mmname, name, district_id) values ('ကြံခင်းမြို့နယ်', 'Kyangin Township', 2);
insert into township (mmname, name, district_id) values ('အင်္ဂပူမြို့နယ်', 'Ingapu Township', 2);
insert into township (mmname, name, district_id) values ('မအူပင်မြို့နယ်', 'Ma-ubin Township', 3);
insert into township (mmname, name, district_id) values ('ပန်းတနော်မြို့နယ်', 'Pantanaw Township', 3);
insert into township (mmname, name, district_id) values ('ညောင်တုန်းမြို့နယ်', 'Nyaungdon Township', 3);
insert into township (mmname, name, district_id) values ('ဓနုဖြူမြို့နယ်', 'Danubyu Township', 3);
insert into township (mmname, name, district_id) values ('မြောင်းမြမြို့နယ်', 'Myaungmya Township', 4);
insert into township (mmname, name, district_id) values ('အိမ်မဲမြို့နယ်', 'Einme Township', 4);
insert into township (mmname, name, district_id) values ('ဝါးခယ်မမြို့နယ်', 'Wakema Township', 4);
insert into township (mmname, name, district_id) values ('ဖျာပုံမြို့နယ်', 'Pyapon Township', 5);
insert into township (mmname, name, district_id) values ('ဘိုကလေးမြို့နယ်', 'Bogale Township', 5);
insert into township (mmname, name, district_id) values ('ကျိုက်လတ်မြို့နယ်', 'Kyaiklat Township', 5);
insert into township (mmname, name, district_id) values ('ဒေးဒရဲမြို့နယ်', 'Dedaye Township', 5);
insert into township (mmname, name, district_id) values ('လပွတ္တာမြို့နယ်', 'Labutta Township', 6);
insert into township (mmname, name, district_id) values ('မော်လမြိုင်ကျွန်းမြို့နယ်', 'Mawlamyinegyun Township', 6);

insert into township (mmname, name, district_id) values ('ပဲခူးမြို့နယ်', 'Bago Township', 7);
insert into township (mmname, name, district_id) values ('ကဝမြို့နယ်', 'Kawa Township', 7);
insert into township (mmname, name, district_id) values ('သနပ်ပင်မြို့နယ်', 'Thanatpin Township', 7);
insert into township (mmname, name, district_id) values ('ဝေါမြို့နယ်', 'Waw Township', 7);
insert into township (mmname, name, district_id) values ('ဒိုက်ဦးမြို့နယ်', 'Daik-U Township', 7);
insert into township (mmname, name, district_id) values ('ညောင်လေးပင်မြို့နယ်', 'Nyaunglebin Township', 7);
insert into township (mmname, name, district_id) values ('ရွှေကျင်မြို့နယ်', 'Shwegyin Township', 7);
insert into township (mmname, name, district_id) values ('တောင်ငူမြို့နယ်', 'Taungoo Township', 8);
insert into township (mmname, name, district_id) values ('အုတ်တွင်းမြို့နယ်', 'Oktwin Township', 8);
insert into township (mmname, name, district_id) values ('ထန်းတပင်မြို့နယ်', 'Tantabin Township', 8);
insert into township (mmname, name, district_id) values ('ရေတာရှည်မြို့နယ်', 'Yedashe Township', 8);
insert into township (mmname, name, district_id) values ('ဖြူးမြို့နယ်', 'Pyu Township', 8);
insert into township (mmname, name, district_id) values ('ကျောက်တံခါးမြို့နယ်', 'Kyauktaga Township', 8);
insert into township (mmname, name, district_id) values ('ကျောက်ကြီးမြို့နယ်', 'Kyaukkyi Township', 8);
insert into township (mmname, name, district_id) values ('ပြည်မြို့နယ်', 'Pyay Township', 9);
insert into township (mmname, name, district_id) values ('ပေါက်ခေါင်းမြို့နယ်', 'Paukkaung Township', 9);
insert into township (mmname, name, district_id) values ('သဲကုန်းမြို့နယ်', 'Thegon Township', 9);
insert into township (mmname, name, district_id) values ('ရွှေတောင်မြို့နယ်', 'Shwedaung Township', 9);
insert into township (mmname, name, district_id) values ('ပန်းတောင်းမြို့နယ်', 'Pandaung Township', 9);
insert into township (mmname, name, district_id) values ('ပေါင်းတည်မြို့နယ်', 'Paungde Township', 9);
insert into township (mmname, name, district_id) values ('သာယာဝတီမြို့နယ်', 'Tharrawaddy Township', 10);
insert into township (mmname, name, district_id) values ('လက်ပံတန်းမြို့နယ်', 'Letpadan Township', 10);
insert into township (mmname, name, district_id) values ('မင်းလှမြို့နယ်', 'Minhla Township', 10);
insert into township (mmname, name, district_id) values ('မိုးညိုမြို့နယ်', 'Monyo Township', 10);
insert into township (mmname, name, district_id) values ('အုတ်ဖိုမြို့နယ်', 'Okpho Township', 10);
insert into township (mmname, name, district_id) values ('ကြို့ပင်ကောက်မြို့နယ် ', 'Gyobingauk Township', 10);
insert into township (mmname, name, district_id) values ('ဇီးကုန်းမြို့နယ်', 'Zigon Township', 10);
insert into township (mmname, name, district_id) values ('နတ်တလင်းမြို့နယ်', 'Nattalin Township', 10);

insert into township (mmname, name, district_id) values ('ဖလမ်းမြို့နယ်', 'Falam Township', 11);
insert into township (mmname, name, district_id) values ('တီးတိန်မြို့နယ်', 'Tiddim Township', 11);
insert into township (mmname, name, district_id) values ('တွန်းဇံမြို့နယ်', 'Ton Zang Township', 11);
insert into township (mmname, name, district_id) values ('ဟားခါးမြို့နယ်', 'Hakha Township', 12);
insert into township (mmname, name, district_id) values ('ထန်တလန်မြို့နယ်', 'Htantlang Township', 12);
insert into township (mmname, name, district_id) values ('မင်းတပ်မြို့နယ်', 'Mindat Township', 13);
insert into township (mmname, name, district_id) values ('ကန်ပက်လက်မြို့နယ်', 'Kanpetlet Township', 13);
insert into township (mmname, name, district_id) values ('မတူပီမြို့နယ်', 'Matupi Township', 14);
insert into township (mmname, name, district_id) values ('ပလက်ဝမြို့နယ်', 'Paletwa Township', 14);

insert into township (mmname, name, district_id) values ('မြစ်ကြီးနားမြို့နယ်', 'Myitkyina Township', 15);
insert into township (mmname, name, district_id) values ('ဝိုင်းမော်မြို့နယ်', 'Waingmaw Township', 15);
insert into township (mmname, name, district_id) values ('အင်ဂျန်းယန်မြို့နယ်', 'Injangyang Township', 15);
insert into township (mmname, name, district_id) values ('တနိုင်းမြို့နယ်', 'Tanai Township', 15);
insert into township (mmname, name, district_id) values ('ချီဖွေမြို့နယ်', 'Chipwi Township', 15);
insert into township (mmname, name, district_id) values ('ဆော့လော်မြို့နယ်', 'Hsawlaw Township', 15);
insert into township (mmname, name, district_id) values ('ဗန်းမော်မြို့နယ်', 'Bhamo Township', 16);
insert into township (mmname, name, district_id) values ('ရွှေကူမြို့နယ်', 'Shwegu Township', 16);
insert into township (mmname, name, district_id) values ('မိုးမောက်မြို့နယ်', 'Momauk Township', 16);
insert into township (mmname, name, district_id) values ('မံစီမြို့နယ်', 'Mansi Township', 16);
insert into township (mmname, name, district_id) values ('ပူတာအိုမြို့နယ်', 'Putao Township', 17);
insert into township (mmname, name, district_id) values ('ဆွမ်ပရာဘွမ်မြို့နယ်', 'Sumprabum Township', 17);
insert into township (mmname, name, district_id) values ('မချမ်းဘောမြို့နယ်', 'Machanbaw Township', 17);
insert into township (mmname, name, district_id) values ('ခေါင်လန်ဖူးမြို့နယ်', 'Kawnglanghpu Township', 17);
insert into township (mmname, name, district_id) values ('နောင်မွန်းမြို့နယ်', 'Nogmung Township', 17);
insert into township (mmname, name, district_id) values ('မိုးညှင်းမြို့နယ်', 'Mohnyin Township', 18);
insert into township (mmname, name, district_id) values ('မိုးကောင်းမြို့နယ်', 'Mogaung Township', 18);
insert into township (mmname, name, district_id) values ('ဖားကန့်မြို့နယ်', 'Hpakant Township', 18);

insert into township (mmname, name, district_id) values ('လွိုင်ကော်မြို့နယ်', 'Loikaw Township', 19);
insert into township (mmname, name, district_id) values ('ဒီးမော့ဆိုမြို့နယ်', 'Demoso Township', 19);
insert into township (mmname, name, district_id) values ('ဖရူဆိုးမြို့နယ်', 'Hpruso Township', 19);
insert into township (mmname, name, district_id) values ('ရှားတောမြို့နယ်', 'Shadaw Township', 19);
insert into township (mmname, name, district_id) values ('ဘောလခဲမြို့နယ်', 'Bawlakhe Township', 20);
insert into township (mmname, name, district_id) values ('ဖားဆောင်းမြို့နယ်', 'Hpasawng Township', 20);
insert into township (mmname, name, district_id) values ('မယ်စဲ့မြို့နယ်', 'Mese Township', 20);

insert into township (mmname, name, district_id) values ('ဘားအံမြို့နယ်', 'Hpa-an Township', 21);
insert into township (mmname, name, district_id) values ('လှိုင်းဘွဲ့မြို့နယ်', 'Hlaingbwe Township', 21);
insert into township (mmname, name, district_id) values ('သံတောင်ကြီးမြို့နယ်', 'Thandaunggyi Township', 21);
insert into township (mmname, name, district_id) values ('မြဝတီမြို့နယ်', 'Myawaddy Township', 22);
insert into township (mmname, name, district_id) values ('ကော့ကရိတ်မြို့နယ်', 'Kawkareik Township', 23);
insert into township (mmname, name, district_id) values ('ကြာအင်းဆိပ်ကြီးမြို့နယ်', 'Kyain Seikgyi Township', 23);
insert into township (mmname, name, district_id) values ('ဖာပွန်မြို့နယ်', 'Hpapun Township', 24);

insert into township (mmname, name, district_id) values ('မကွေးမြို့နယ်', 'Magway Township', 25);
insert into township (mmname, name, district_id) values ('နတ်မောက်မြို့နယ်', 'Natmauk Township', 25);
insert into township (mmname, name, district_id) values ('မြို့သစ်မြို့နယ်', 'Myothit Township', 25);
insert into township (mmname, name, district_id) values ('ချောက်မြို့နယ်', 'Chauk Township', 25);
insert into township (mmname, name, district_id) values ('ရေနံချောင်းမြို့နယ်', 'Yenangyaung Township', 25);
insert into township (mmname, name, district_id) values ('တောင်တွင်းကြီးမြို့နယ်', 'Taungdwingyi Township', 25);
insert into township (mmname, name, district_id) values ('မင်းဘူး(စကု)မြို့နယ်', 'Minbu Township', 26);
insert into township (mmname, name, district_id) values ('ပွင့်ဖြူမြို့နယ်', 'Pwintbyu Township', 26);
insert into township (mmname, name, district_id) values ('စလင်းမြို့နယ်', 'Salin Township', 26);
insert into township (mmname, name, district_id) values ('ငဖဲမြို့နယ်', 'Ngape Township', 26);
insert into township (mmname, name, district_id) values ('စေတုတ္တရာမြို့နယ်', 'Sidoktaya Township', 26);
insert into township (mmname, name, district_id) values ('ပခုက္ကူမြို့နယ်', 'Pakokku Township', 27);
insert into township (mmname, name, district_id) values ('ဆိပ်ဖြူမြို့နယ်', 'Seikphyu Township', 27);
insert into township (mmname, name, district_id) values ('ရေစကြိုမြို့နယ်', 'Yesagyo Township', 27);
insert into township (mmname, name, district_id) values ('မြိုင်မြို့နယ်', 'Myaing Township', 27);
insert into township (mmname, name, district_id) values ('ပေါက်မြို့နယ်', 'Pauk Township', 27);
insert into township (mmname, name, district_id) values ('သရက်မြို့နယ်', 'Thayet Township', 28);
insert into township (mmname, name, district_id) values ('အောင်လံမြို့နယ်', 'Aunglan Township', 28);
insert into township (mmname, name, district_id) values ('ဆင်ပေါင်ဝဲမြို့နယ်', 'Sinbaungwe Township', 28);
insert into township (mmname, name, district_id) values ('မင်းတုန်းမြို့နယ်', 'Mindon Township', 28);
insert into township (mmname, name, district_id) values ('မင်းလှမြို့နယ် (အထက်မင်းလှ)', 'Minhla Township', 28);
insert into township (mmname, name, district_id) values ('ကံမမြို့နယ်', 'Kamma Township', 28);
insert into township (mmname, name, district_id) values ('ဂန့်ဂေါမြို့နယ်', 'Gangaw Township', 29);
insert into township (mmname, name, district_id) values ('ထီးလင်းမြို့နယ်', 'Htilin Township', 29);
insert into township (mmname, name, district_id) values ('ဆောမြို့နယ်', 'Saw Township', 29);

insert into township (mmname, name, district_id) values ('အမရပူရမြို့နယ်', 'Amarapura Township', 30);
insert into township (mmname, name, district_id) values ('အောင်မြေသာဇံမြို့နယ်', 'Aungmyethazan Township', 30);
insert into township (mmname, name, district_id) values ('ချမ်းအေးသာဇံမြို့နယ်', 'Chanayethazan Township', 30);
insert into township (mmname, name, district_id) values ('ချမ်းမြသာစည်မြို့နယ်', 'Chanmyathazi Township', 30);
insert into township (mmname, name, district_id) values ('မဟာအောင်မြေမြို့နယ်', 'Maha Aungmye Township', 30);
insert into township (mmname, name, district_id) values ('ပုသိမ်ကြီးမြို့နယ်', 'Patheingyi Township', 30);
insert into township (mmname, name, district_id) values ('ပြည်ကြီးတံခွန်မြို့နယ်', 'Pyigyidagun Township', 30);
insert into township (mmname, name, district_id) values ('ကျောက်ဆည်မြို့နယ်', 'Kyaukse Township', 31);
insert into township (mmname, name, district_id) values ('မြစ်သားမြို့နယ်', 'Myittha Township', 31);
insert into township (mmname, name, district_id) values ('စဉ့်ကိုင်မြို့နယ်', 'Sintgaing Township', 31);
insert into township (mmname, name, district_id) values ('တံတားဦးမြို့နယ်', 'Tada-U Township', 31);
insert into township (mmname, name, district_id) values ('မလှိုင်မြို့နယ်', 'Mahlaing Township', 32);
insert into township (mmname, name, district_id) values ('မိတ္ထီလာမြို့နယ်', 'Meiktila Township', 32);
insert into township (mmname, name, district_id) values ('သာစည်မြို့နယ်', 'Thazi Township', 32);
insert into township (mmname, name, district_id) values ('ဝမ်းတွင်းမြို့နယ်', 'Wundwin Township', 32);
insert into township (mmname, name, district_id) values ('မြင်းခြံမြို့နယ်', 'Myingyan Township', 33);
insert into township (mmname, name, district_id) values ('နွားထိုးကြီးမြို့နယ်', 'Natogyi Township', 33);
insert into township (mmname, name, district_id) values ('ငါန်းဇွန်မြို့နယ်', 'Ngazun Township', 33);
insert into township (mmname, name, district_id) values ('တောင်သာမြို့နယ်', 'Taungtha Township', 33);
insert into township (mmname, name, district_id) values ('ညောင်ဦးမြို့နယ်', 'Nyaung-U Township', 34);
insert into township (mmname, name, district_id) values ('ကျောက်ပန်းတောင်းမြို့နယ်', 'Kyaukpadaung Township', 34);
insert into township (mmname, name, district_id) values ('မတ္တရာမြို့နယ်', 'Madaya Township', 35);
insert into township (mmname, name, district_id) values ('မိုးကုတ်မြို့နယ်', 'Mogok Township', 35);
insert into township (mmname, name, district_id) values ('ပြင်ဦးလွင်မြို့နယ်', 'Pyinoolwin Township', 35);
insert into township (mmname, name, district_id) values ('စဉ့်ကူမြို့နယ်', 'Singu Township', 35);
insert into township (mmname, name, district_id) values ('သပိတ်ကျင်းမြို့နယ်', 'Thabeikkyin Township', 35);
insert into township (mmname, name, district_id) values ('ပျော်ဘွယ်မြို့နယ်', 'Pyawbwe Township', 36);
insert into township (mmname, name, district_id) values ('ရမည်းသင်းမြို့နယ်', 'Yamethin Township', 36);

insert into township (mmname, name, district_id) values ('မော်လမြိုင်မြို့နယ်', 'Mawlamyine Township', 37);
insert into township (mmname, name, district_id) values ('ကျိုက်မရောမြို့နယ်', 'Kyaikmaraw Township', 37);
insert into township (mmname, name, district_id) values ('ချောင်းဆုံမြို့နယ်', 'Chaungzon Township', 37);
insert into township (mmname, name, district_id) values ('သံဖြူဇရပ်မြို့နယ်', 'Thanbyuzayat Township', 37);
insert into township (mmname, name, district_id) values ('မုဒုံမြို့နယ်', 'Mudon Township', 37);
insert into township (mmname, name, district_id) values ('ရေးမြို့နယ်', 'Ye Township', 37);
insert into township (mmname, name, district_id) values ('သထုံမြို့နယ်', 'Thaton Township', 38);
insert into township (mmname, name, district_id) values ('ပေါင်မြို့နယ်', 'Paung Township', 38);
insert into township (mmname, name, district_id) values ('ကျိုက်ထိုမြို့နယ်', 'Kyaikto Township', 38);
insert into township (mmname, name, district_id) values ('ဘီးလင်းမြို့နယ်', 'Bilin Township', 38);

insert into township (mmname, name, district_id) values ('စစ်တွေမြို့နယ်', 'Sittwe Township', 39);
insert into township (mmname, name, district_id) values ('ပုဏ္ဏားကျွန်းမြို့နယ်', 'Ponnagyun Township', 39);
insert into township (mmname, name, district_id) values ('ပေါက်တောမြို့နယ်', 'Pauktaw Township', 39);
insert into township (mmname, name, district_id) values ('ရသေ့တောင်မြို့နယ်', 'Rathedaung Township', 39);
insert into township (mmname, name, district_id) values ('မောင်တောမြို့နယ်', 'Maungdaw Township', 40);
insert into township (mmname, name, district_id) values ('ဘူးသီးတောင်မြို့နယ်', 'Buthidaung Township', 40);
insert into township (mmname, name, district_id) values ('ကျောက်ဖြူမြို့နယ်', 'Kyaukpyu Township', 41);
insert into township (mmname, name, district_id) values ('မာန်အောင်မြို့နယ်', 'Manaung Township', 41);
insert into township (mmname, name, district_id) values ('ရမ်းဗြဲမြို့နယ်', 'Ramree Township', 41);
insert into township (mmname, name, district_id) values ('အမ်းမြို့နယ်', 'Ann Township', 41);
insert into township (mmname, name, district_id) values ('သံတွဲမြို့နယ်', 'Thandwe Township', 42);
insert into township (mmname, name, district_id) values ('တောင်ကုတ်မြို့နယ်', 'Toungup Township', 42);
insert into township (mmname, name, district_id) values ('ဂွမြို့နယ်', 'Gwa Township', 42);
insert into township (mmname, name, district_id) values ('မြောက်ဦးမြို့နယ်', 'Mrauk-U Township', 43);
insert into township (mmname, name, district_id) values ('ကျောက်တော်မြို့နယ်', 'Kyauktaw Township', 43);
insert into township (mmname, name, district_id) values ('မင်းပြားမြို့နယ်', 'Minbya Township', 43);
insert into township (mmname, name, district_id) values ('မြေပုံမြို့နယ်', 'Myebon Township', 43);

insert into township (mmname, name, district_id) values ('တောင်ကြီးမြို့နယ်', 'Taunggyi Township', 44);
insert into township (mmname, name, district_id) values ('ညောင်ရွှေမြို့နယ်', 'Nyaungshwe Township', 44);
insert into township (mmname, name, district_id) values ('ဟိုပုံးမြို့နယ်', 'Hopang Township', 44);
insert into township (mmname, name, district_id) values ('ဆီဆိုင်မြို့နယ်', 'Hsi Hseng Township', 44);
insert into township (mmname, name, district_id) values ('ကလောမြို့နယ်', 'Kalaw Township', 44);
insert into township (mmname, name, district_id) values ('ပင်းတယမြို့နယ်', 'Pindaya Township', 44);
insert into township (mmname, name, district_id) values ('ရွာငံမြို့နယ်', 'Ywangan Township', 44);
insert into township (mmname, name, district_id) values ('ရပ်စောက်မြို့နယ်', 'Lawksawk Township', 44);
insert into township (mmname, name, district_id) values ('ပင်လောင်းမြို့နယ်', 'Panlong Subtownship', 44);
insert into township (mmname, name, district_id) values ('ဖယ်ခုံမြို့နယ် ', 'Pekon Township', 44);
insert into township (mmname, name, district_id) values ('လွိုင်လင်မြို့နယ်', 'Loilen Township', 45);
insert into township (mmname, name, district_id) values ('လဲချားမြို့နယ်', 'Lai-Hka Township', 45);
insert into township (mmname, name, district_id) values ('နမ့်စန်မြို့နယ်', 'Nansang Township', 45);
insert into township (mmname, name, district_id) values ('ကွန်ဟိန်းမြို့နယ်', 'Kunhing Township', 45);
insert into township (mmname, name, district_id) values ('ကျေးသီးမြို့နယ်', 'Kyethi Township', 45);
insert into township (mmname, name, district_id) values ('မိုင်းကိုင်မြို့နယ်', 'Mong Kung Township', 45);
insert into township (mmname, name, district_id) values ('မိုင်းရှူးမြို့နယ်', 'Mong Hsu Township', 45);
insert into township (mmname, name, district_id) values ('လင်းခေးမြို့နယ်', 'Langhko Township', 46);
insert into township (mmname, name, district_id) values ('မိုးနဲမြို့နယ်', 'Mong Nai Township', 46);
insert into township (mmname, name, district_id) values ('မိုင်းပန်မြို့နယ်', 'Mong Pan Township', 46);
insert into township (mmname, name, district_id) values ('မောက်မယ်မြို့နယ်', 'Mawkmai Township', 46);
insert into township (mmname, name, district_id) values ('ကွမ်းလုံမြို့နယ်', 'Kunlong Township', 47);
insert into township (mmname, name, district_id) values ('လားရှိုးမြို့နယ်', 'Lashio Township', 47);
insert into township (mmname, name, district_id) values ('သိန္နီမြို့နယ်', 'Hsenwi Township', 47);
insert into township (mmname, name, district_id) values ('မိုင်းရယ်မြို့နယ်', 'Mongyai Township', 47);
insert into township (mmname, name, district_id) values ('တန့်ယန်းမြို့နယ်', 'Tangyan Township', 47);
insert into township (mmname, name, district_id) values ('မူဆယ်မြို့နယ်', 'Mu Se Township', 48);
insert into township (mmname, name, district_id) values ('နမ့်ခမ်းမြို့နယ်', 'Nanhkan Township', 48);
insert into township (mmname, name, district_id) values ('ကွတ်ခိုင်မြို့နယ်', 'Kutkai Township', 48);
insert into township (mmname, name, district_id) values ('မိုးမိတ်မြို့နယ်', 'Mongmit Township', 49);
insert into township (mmname, name, district_id) values ('မဘိမ်းမြို့နယ်', 'Mabein Township', 49);
insert into township (mmname, name, district_id) values ('ကျောက်မဲမြို့နယ်', 'Kyaukme Township', 50);
insert into township (mmname, name, district_id) values ('နောင်ချိုမြို့နယ်', 'Nawnghkio Township', 50);
insert into township (mmname, name, district_id) values ('သီပေါမြို့နယ်', 'Hsipaw Township', 50);
insert into township (mmname, name, district_id) values ('နမ္မတူမြို့နယ်', 'Namtu Township', 50);
insert into township (mmname, name, district_id) values ('နမ့်ဆန်မြို့နယ်', 'Nansang Township', 50);
insert into township (mmname, name, district_id) values ('မန်တုံမြို့နယ်', 'Mantong Township', 50);
insert into township (mmname, name, district_id) values ('ကုန်းကြမ်းမြို့နယ်', 'Konkyan Township', 51);
insert into township (mmname, name, district_id) values ('လောက်ကိုင်မြို့နယ်', 'Laukkaing Township', 51);
insert into township (mmname, name, district_id) values ('ပန်ဝိုင်မြို့နယ်', 'Pangwaun Township', 52);
insert into township (mmname, name, district_id) values ('မိုင်းမောမြို့နယ်', 'Mongmaw Township', 52);
insert into township (mmname, name, district_id) values ('ဟိုပန်မြို့နယ်', 'Hopang Township', 52);
insert into township (mmname, name, district_id) values ('ပန်ဆန်းမြို့နယ်', 'Pangsang Township', 53);
insert into township (mmname, name, district_id) values ('မက်မန်းမြို့နယ်', 'Matman Township', 53);
insert into township (mmname, name, district_id) values ('နားဖန်းမြို့နယ်', 'Namphan Township', 53);
insert into township (mmname, name, district_id) values ('ကျိုင်းတုံမြို့နယ်', 'Kengtung Township', 54);
insert into township (mmname, name, district_id) values ('မိုင်းခတ်မြို့နယ်', 'Mong Khet Township', 54);
insert into township (mmname, name, district_id) values ('မိုင်းပြင်းမြို့နယ်', 'Mong Ping Township', 54);
insert into township (mmname, name, district_id) values ('မိုင်းယန်းမြို့နယ်', 'Mong Yang Township', 54);
insert into township (mmname, name, district_id) values ('မိုင်းလားမြို့နယ်', 'Mong La Township', 54);
insert into township (mmname, name, district_id) values ('မိုင်းဆတ်မြို့နယ်', 'Mong Hsat Township', 55);
insert into township (mmname, name, district_id) values ('မိုင်းတုံမြို့နယ်', 'Mong Tong Township', 55);
insert into township (mmname, name, district_id) values ('တာချီလိတ်မြို့နယ်', 'Tachileik Township', 56);
insert into township (mmname, name, district_id) values ('မိုင်းယောင်းမြို့နယ်', 'Mong Yawng Township', 56);
insert into township (mmname, name, district_id) values ('မိုင်းဖြတ်မြို့နယ်', 'Mong Hpayak Township', 57);

insert into township (mmname, name, district_id) values ('ခန္တီးမြို့နယ်', 'Hkamti Township', 58);
insert into township (mmname, name, district_id) values ('ဟုမ္မလင်းမြို့နယ်', 'Homalin Township', 58);
insert into township (mmname, name, district_id) values ('ကလေးမြို့နယ်', 'Kale Township', 59);
insert into township (mmname, name, district_id) values ('ကလေးဝမြို့နယ်', 'Kalewa Township', 59);
insert into township (mmname, name, district_id) values ('မင်းကင်းမြို့နယ်', 'Mingin Township', 59);
insert into township (mmname, name, district_id) values ('ကသာမြို့နယ်', 'Katha Township', 60);
insert into township (mmname, name, district_id) values ('အင်းတော်မြို့နယ်', 'Indaw Township', 60);
insert into township (mmname, name, district_id) values ('ဗန်းမောက်မြို့နယ်', 'Banmauk Township', 60);
insert into township (mmname, name, district_id) values ('ထီးချိုင့်မြို့နယ်', 'Htigyaing Township', 60);
insert into township (mmname, name, district_id) values ('ကောလင်းမြို့နယ်', 'Kawlin Township', 61);
insert into township (mmname, name, district_id) values ('ပင်လယ်ဘူးမြို့နယ်', 'Pinlebu Township', 61);
insert into township (mmname, name, district_id) values ('ဝန်းသိုမြို့နယ်', 'Wuntho Township', 61);
insert into township (mmname, name, district_id) values ('ကန့်ဘလူမြို့နယ်', 'Kanbalu Township', 62);
insert into township (mmname, name, district_id) values ('ကျွန်းလှမြို့နယ်', 'Kyunhla Township', 62);
insert into township (mmname, name, district_id) values ('​မော်လိုက်မြို့နယ်', 'Mawlaik Township', 63);
insert into township (mmname, name, district_id) values ('​ဖောင်းပြင်မြို့နယ်', 'Paungbyin Township', 63);
insert into township (mmname, name, district_id) values ('မုံရွာမြို့နယ်', 'Monywa Township', 64);
insert into township (mmname, name, district_id) values ('အရာတော်မြို့နယ်', 'Ayadaw Township', 64);
insert into township (mmname, name, district_id) values ('ချောင်းဦးမြို့နယ်', 'Chaung-U Township', 64);
insert into township (mmname, name, district_id) values ('ဘုတလင်မြို့နယ်', 'Budalin Township', 64);
insert into township (mmname, name, district_id) values ('စစ်ကိုင်းမြို့နယ်', 'Sagaing Township', 65);
insert into township (mmname, name, district_id) values ('မြင်းမူမြို့နယ်', 'Myinmu Township', 65);
insert into township (mmname, name, district_id) values ('မြောင်မြို့နယ်', 'Myaung Township', 65);
insert into township (mmname, name, district_id) values ('ရွှေဘိုမြို့နယ်', 'Shwebo Township', 66);
insert into township (mmname, name, district_id) values ('ရေဦးမြို့နယ်', 'Ye-U Township', 66);
insert into township (mmname, name, district_id) values ('ခင်ဦးမြို့နယ်', 'Khin-U Township', 66);
insert into township (mmname, name, district_id) values ('ဝက်လက်မြို့နယ်', 'Wetlet Township', 66);
insert into township (mmname, name, district_id) values ('တန့်ဆည်မြို့နယ်', 'Tant-Se Township', 66);
insert into township (mmname, name, district_id) values ('ဒီပဲယင်းမြို့နယ်', 'Tabayin Township', 66);
insert into township (mmname, name, district_id) values ('တမူးမြို့နယ်', 'Tamu Township', 67);
insert into township (mmname, name, district_id) values ('ယင်းမာပင်မြို့နယ်', 'Yinmabin Township', 68);
insert into township (mmname, name, district_id) values ('ဆားလင်းကြီးမြို့နယ်', 'Salingyi Township', 68);
insert into township (mmname, name, district_id) values ('ပုလဲမြို့နယ်', 'Pale Township', 68);
insert into township (mmname, name, district_id) values ('ကနီမြို့နယ်', 'Kani Township', 68);

insert into township (mmname, name, district_id) values ('ထားဝယ်မြို့နယ်', 'Dawei Township', 69);
insert into township (mmname, name, district_id) values ('လောင်းလုံမြို့နယ်', 'Launglon Township', 69);
insert into township (mmname, name, district_id) values ('သရက်ချောင်းမြို့နယ်', 'Thayetchaung Township', 69);
insert into township (mmname, name, district_id) values ('ရေဖြူမြို့နယ်', 'Yebyu Township', 69);
insert into township (mmname, name, district_id) values ('ကျွန်းစုမြို့နယ်', 'Kyunsu Township', 70);
insert into township (mmname, name, district_id) values ('မြိတ်မြို့နယ်', 'Myeik Township', 70);
insert into township (mmname, name, district_id) values ('ပုလောမြို့နယ်', 'Palaw Township', 70);
insert into township (mmname, name, district_id) values ('တနင်္သာရီမြို့နယ်', 'Tanintharyi Township', 70);
insert into township (mmname, name, district_id) values ('ဘုတ်ပြင်းမြို့နယ်', 'Bokpyin Township', 71);
insert into township (mmname, name, district_id) values ('ကော့သောင်းမြို့နယ်', 'Kawthaung Township', 71);

insert into township (mmname, name, district_id) values ('တာမွေမြို့နယ်', 'Tamwe Township', 72);
insert into township (mmname, name, district_id) values ('တောင်ဥက္ကလာပမြို့နယ်', 'South Okkalapa Township', 72);
insert into township (mmname, name, district_id) values ('ဒဂုံမြို့သစ်ဆိပ်ကမ်းမြို့နယ်', 'Dagon Seikkan Township', 72);
insert into township (mmname, name, district_id) values ('ဒဂုံမြို့သစ်တောင်ပိုင်းမြို့နယ်', 'South Dagon Township', 72);
insert into township (mmname, name, district_id) values ('ဒဂုံမြို့သစ်မြောက်ပိုင်းမြို့နယ်', 'North Dagon Township', 72);
insert into township (mmname, name, district_id) values ('ဒဂုံမြို့သစ်အရှေ့ပိုင်းမြို့နယ်', 'East Dagon Township', 72);
insert into township (mmname, name, district_id) values ('ဒေါပုံမြို့နယ်', 'Dawbon Township', 72);
insert into township (mmname, name, district_id) values ('ပုဇွန်တောင်မြို့နယ်', 'Pazundaung Township', 72);
insert into township (mmname, name, district_id) values ('ဗိုလ်တထောင်မြို့နယ်', 'Botataung Township', 72);
insert into township (mmname, name, district_id) values ('မင်္ဂလာတောင်ညွန့်မြို့နယ်', 'Mingala Taungnyunt Township', 72);
insert into township (mmname, name, district_id) values ('မြောက်ဥက္ကလာပမြို့နယ်', 'North Okkalapa Township', 72);
insert into township (mmname, name, district_id) values ('ရန်ကင်းမြို့နယ်', 'Yankin Township', 72);
insert into township (mmname, name, district_id) values ('သင်္ဃန်းကျွန်းမြို့နယ်', 'Thingangyun Township', 72);
insert into township (mmname, name, district_id) values ('သာကေတမြို့နယ်', 'Thaketa Township', 72);
insert into township (mmname, name, district_id) values ('ကမာရွတ်မြို့နယ်', 'Kamayut Township', 73);
insert into township (mmname, name, district_id) values ('ကျောက်တံတားမြို့နယ်', 'Kyauktada Township', 73);
insert into township (mmname, name, district_id) values ('ကြည့်မြင်တိုင်မြို့နယ်', 'Kyimyindaing Township', 73);
insert into township (mmname, name, district_id) values ('စမ်းချောင်းမြို့နယ်', 'Sanchaung	Township', 73);
insert into township (mmname, name, district_id) values ('ဒဂုံမြို့နယ်', 'Dagon Township', 73);
insert into township (mmname, name, district_id) values ('ပန်းဘဲတန်းမြို့နယ်', 'Pabedan Township', 73);
insert into township (mmname, name, district_id) values ('ဗဟန်းမြို့နယ်', 'Bahan Township', 73);
insert into township (mmname, name, district_id) values ('မရမ်းကုန်းမြို့နယ်', 'Mayangon Township', 73);
insert into township (mmname, name, district_id) values ('လမ်းမတော်မြို့နယ်', 'Lanmadaw Township', 73);
insert into township (mmname, name, district_id) values ('လသာမြို့နယ်', 'Latha Township', 73);
insert into township (mmname, name, district_id) values ('လှိုင်မြို့နယ်', 'Hlaing Township', 73);
insert into township (mmname, name, district_id) values ('အလုံမြို့နယ်', 'Ahlon Township', 73);
insert into township (mmname, name, district_id) values ('တိုက်ကြီးမြို့နယ်', 'Taikkyi Township', 74);
insert into township (mmname, name, district_id) values ('ထန်းတပင်မြို့နယ်', 'Htantabin Township', 74);
insert into township (mmname, name, district_id) values ('မင်္ဂလာဒုံမြို့နယ်', 'Mingaladon Township', 74);
insert into township (mmname, name, district_id) values ('မှော်ဘီမြို့နယ်', 'Hmawbi Township', 74);
insert into township (mmname, name, district_id) values ('ရွှေပြည်သာမြို့နယ်', 'Shwepyitha Township', 74);
insert into township (mmname, name, district_id) values ('လှည်းကူးမြို့နယ်', 'Hlegu Township', 74);
insert into township (mmname, name, district_id) values ('လှိုင်သာယာအရှေ့ပိုင်းမြို့နယ်', 'East Hlaingthaya Township', 74);
insert into township (mmname, name, district_id) values ('လှိုင်သာယာအနောက်ပိုင်းမြို့နယ်', 'West Hlaingthaya Township', 74);
insert into township (mmname, name, district_id) values ('အင်းစိန်မြို့နယ်', 'Insein Township', 74);
insert into township (mmname, name, district_id) values ('ကျောက်တန်းမြို့နယ်', 'Kyauktan Township', 75);
insert into township (mmname, name, district_id) values ('ကွမ်းခြံကုန်းမြို့နယ်', 'Kungyangon Township', 75);
insert into township (mmname, name, district_id) values ('ကိုကိုးကျွန်းမြို့နယ်', 'Coco Islands Township', 75);
insert into township (mmname, name, district_id) values ('ကော့မှူးမြို့နယ်', 'Kawhmu Township', 75);
insert into township (mmname, name, district_id) values ('ခရမ်းမြို့နယ်', 'Khayan Township', 75);
insert into township (mmname, name, district_id) values ('ဆိပ်ကြီးခနောင်တိုမြို့နယ်', 'Seikkyi Kanaungto Township', 75);
insert into township (mmname, name, district_id) values ('တွံတေးမြို့နယ်', 'Twante Township', 75);
insert into township (mmname, name, district_id) values ('ဒလမြို့နယ်', 'Dala Township', 75);
insert into township (mmname, name, district_id) values ('သန်လျင်မြို့နယ်', 'Thanlyin Township', 75);
insert into township (mmname, name, district_id) values ('သုံးခွမြို့နယ်', 'Thongwa Township', 75);

insert into township (mmname, name, district_id) values ('ဥတ္တရသီရိမြို့နယ်', 'Ottarathiri Township ', 76);
insert into township (mmname, name, district_id) values ('ပုဗ္ဗသီရိမြို့နယ်', 'Pobbathiri Township ', 76);
insert into township (mmname, name, district_id) values ('တပ်ကုန်းမြို့နယ်', 'Tatkone Township ', 76);
insert into township (mmname, name, district_id) values ('ဇေယျာသီရိမြို့နယ်', 'Zeyathiri Township ', 76);
insert into township (mmname, name, district_id) values ('ဒက္ခိဏသီရိမြို့နယ်', 'Dekkhinathiri Township ', 77);
insert into township (mmname, name, district_id) values ('လယ်ဝေးမြို့နယ်', 'Lewe Township ', 77);
insert into township (mmname, name, district_id) values ('ပျဉ်းမနားမြို့နယ်', 'Pyinmana Township ', 77);
insert into township (mmname, name, district_id) values ('ဇမ္ဗူသီရိမြို့နယ်', 'Zabuthiri Township ', 77);